train_dataset,test_dataset,model,trainable_parameters,time,inference_time,LR,batch_size,loss_type,best_last_RMSE,score,windowsize,hidden_dim,train,savepath,resume,resumepath,info
FD001,FD004,DAGCN_RUL,1586447,20260729-191709,9.421623622,0.001,64,DA,26.566101,6516.561,50,32,TRUE,./logs/FD001_FD004/DAGCN_RUL/final_s42,FALSE,,
FD001,FD004,EviAdaptRUL,121480,20260729-191943,3.904945992,0.001,256,DA,39.653862,34727.918,30,32,TRUE,./logs/FD001_FD004/EviAdaptRUL/final_s42,FALSE,,
FD001,FD004,DAST_RUL,151652,20260729-192229,3.431504097,0.001,128,DA,36.262844,11317.9,70,32,TRUE,./logs/FD001_FD004/DAST_RUL/final_s42,FALSE,,
FD001,FD004,CADA_RUL,115265,20260729-192445,3.357964213,0.001,256,DA,43.7832,21448.105,30,64,TRUE,./logs/FD001_FD004/CADA_RUL/final_s42,FALSE,,
FD001,FD004,TACDA_RUL,124505,20260729-192730,4.293822243,0.001,256,DA,43.642696,22371.914,30,64,TRUE,./logs/FD001_FD004/TACDA_RUL/final_s42,FALSE,,
FD001,FD004,OCS_DANN,26405,20260729-193004,2.432241875,0.001,128,DA,28.453041,10946.908,50,32,TRUE,./logs/FD001_FD004/OCS_DANN/final_s42,FALSE,,
FD001,FD004,MDAN_RUL,65089,20260729-193601,6.93701667,0.001,128,DA,33.78241,9797.275,50,32,TRUE,./logs/FD001_FD004/MDAN_RUL/final_s42,FALSE,,
FD001,FD004,CCDG_RUL,353921,20260729-193814,2.469533095,0.001,128,DA,35.41532,10331.605,50,32,TRUE,./logs/FD001_FD004/CCDG_RUL/final_s42,FALSE,,
FD001,FD004,LBGN_RUL,13716,20260729-194129,5.336100476,0.001,128,DA,20.26977,2751.233,50,32,TRUE,./logs/FD001_FD004/LBGN_RUL/final_s42,FALSE,,
FD001,FD004,NDC_PDMN,12470,20260729-194414,4.670151967,0.001,128,DA,26.343441,5582.868,50,32,TRUE,./logs/FD001_FD004/NDC_PDMN/final_s42,FALSE,,
FD001,FD004,DAGCN_RUL,1586447,20260730-195233,8.523727108,0.001,64,DA,26.88208,9503,50,32,TRUE,./logs/FD001_FD004/DAGCN_RUL/final_s0,TRUE,logs\FD001_FD004\DAGCN_RUL\final_s42\best_checkpoint.pth,
FD001,FD004,EviAdaptRUL,121480,20260730-195636,3.439405294,0.001,256,DA,39.216988,17421.133,30,32,TRUE,./logs/FD001_FD004/EviAdaptRUL/final_s0,TRUE,logs\FD001_FD004\EviAdaptRUL\final_s42\best_checkpoint.pth,
FD001,FD004,DAST_RUL,151652,20260730-200009,3.432989242,0.001,128,DA,36.195602,10965.826,70,32,TRUE,./logs/FD001_FD004/DAST_RUL/final_s0,TRUE,logs\FD001_FD004\DAST_RUL\final_s42\best_checkpoint.pth,
FD001,FD004,CADA_RUL,115265,20260730-200608,3.206232548,0.001,256,DA,34.3053,8678.827,30,64,TRUE,./logs/FD001_FD004/CADA_RUL/final_s0,TRUE,logs\FD001_FD004\CADA_RUL\final_s42\best_checkpoint.pth,
FD001,FD004,TACDA_RUL,124505,20260730-200848,4.037007632,0.001,256,DA,40.136795,16080.823,30,64,TRUE,./logs/FD001_FD004/TACDA_RUL/final_s0,TRUE,logs\FD001_FD004\TACDA_RUL\final_s42\best_checkpoint.pth,
FD001,FD004,OCS_DANN,26405,20260730-201108,2.302386966,0.001,128,DA,28.06741,13903.888,50,32,TRUE,./logs/FD001_FD004/OCS_DANN/final_s0,TRUE,logs\FD001_FD004\OCS_DANN\final_s42\best_checkpoint.pth,
FD001,FD004,MDAN_RUL,65089,20260730-201701,6.745860718,0.001,128,DA,31.657127,7408.803,50,32,TRUE,./logs/FD001_FD004/MDAN_RUL/final_s0,TRUE,logs\FD001_FD004\MDAN_RUL\final_s42\best_checkpoint.pth,
FD001,FD004,CCDG_RUL,353921,20260730-201846,2.351856044,0.001,128,DA,37.864532,12309.7295,50,32,TRUE,./logs/FD001_FD004/CCDG_RUL/final_s0,TRUE,logs\FD001_FD004\CCDG_RUL\final_s42\best_checkpoint.pth,
FD001,FD004,LBGN_RUL,13716,20260730-202137,4.93258755,0.001,128,DA,20.631632,3301.6245,50,32,TRUE,./logs/FD001_FD004/LBGN_RUL/final_s0,TRUE,logs\FD001_FD004\LBGN_RUL\final_s42\best_checkpoint.pth,
FD001,FD004,NDC_PDMN,12470,20260730-202409,4.228407245,0.001,128,DA,29.604723,24717.098,50,32,TRUE,./logs/FD001_FD004/NDC_PDMN/final_s0,TRUE,logs\FD001_FD004\NDC_PDMN\final_s42\best_checkpoint.pth,
FD001,FD004,DAGCN_RUL,1586447,20260730-235256,11.10200159,0.001,64,DA,25.469309,6052.9253,50,32,TRUE,./logs/FD001_FD004/DAGCN_RUL/final_s1,TRUE,logs\FD001_FD004\DAGCN_RUL\final_s42\best_checkpoint.pth,
FD001,FD004,EviAdaptRUL,121480,20260730-235817,10.27186306,0.001,256,DA,40.375614,12624.027,30,32,TRUE,./logs/FD001_FD004/EviAdaptRUL/final_s1,TRUE,logs\FD001_FD004\EviAdaptRUL\final_s42\best_checkpoint.pth,
FD001,FD004,DAST_RUL,151652,20260731-000139,5.813295647,0.001,128,DA,37.50722,11924.678,70,32,TRUE,./logs/FD001_FD004/DAST_RUL/final_s1,TRUE,logs\FD001_FD004\DAST_RUL\final_s42\best_checkpoint.pth,
FD001,FD004,CADA_RUL,115265,20260731-002012,9.216788718,0.001,256,DA,34.421326,8653.225,30,64,TRUE,./logs/FD001_FD004/CADA_RUL/final_s1,TRUE,logs\FD001_FD004\CADA_RUL\final_s42\best_checkpoint.pth,
FD001,FD004,TACDA_RUL,124505,20260731-002657,12.73750415,0.001,256,DA,39.727104,15963.463,30,64,TRUE,./logs/FD001_FD004/TACDA_RUL/final_s1,TRUE,logs\FD001_FD004\TACDA_RUL\final_s42\best_checkpoint.pth,
FD001,FD004,OCS_DANN,26405,20260731-002854,2.742171271,0.001,128,DA,29.274302,13892.127,50,32,TRUE,./logs/FD001_FD004/OCS_DANN/final_s1,TRUE,logs\FD001_FD004\OCS_DANN\final_s42\best_checkpoint.pth,
FD001,FD004,MDAN_RUL,65089,20260731-003354,9.566541103,0.001,128,DA,34.214207,9900.616,50,32,TRUE,./logs/FD001_FD004/MDAN_RUL/final_s1,TRUE,logs\FD001_FD004\MDAN_RUL\final_s42\best_checkpoint.pth,
FD001,FD004,CCDG_RUL,353921,20260731-003728,3.261532004,0.001,128,DA,30.952465,11998.752,50,32,TRUE,./logs/FD001_FD004/CCDG_RUL/final_s1,TRUE,logs\FD001_FD004\CCDG_RUL\final_s42\best_checkpoint.pth,
FD001,FD004,LBGN_RUL,13716,20260731-004106,6.56775801,0.001,128,DA,21.313522,3544.2705,50,32,TRUE,./logs/FD001_FD004/LBGN_RUL/final_s1,TRUE,logs\FD001_FD004\LBGN_RUL\final_s42\best_checkpoint.pth,
FD001,FD004,NDC_PDMN,12470,20260731-004428,5.156459276,0.001,128,DA,30.466486,20352.719,50,32,TRUE,./logs/FD001_FD004/NDC_PDMN/final_s1,TRUE,logs\FD001_FD004\NDC_PDMN\final_s42\best_checkpoint.pth,
FD001,FD004,DAGCN_RUL,1586447,20260731-134530,10.23593752,0.001,64,DA,25.05612,14540.034,50,32,TRUE,./logs/FD001_FD004/DAGCN_RUL/final_s7,TRUE,logs\FD001_FD004\DAGCN_RUL\final_s42\best_checkpoint.pth,
FD001,FD004,EviAdaptRUL,121480,20260731-134949,8.007631935,0.001,256,DA,41.30603,14878.27,30,32,TRUE,./logs/FD001_FD004/EviAdaptRUL/final_s7,TRUE,logs\FD001_FD004\EviAdaptRUL\final_s42\best_checkpoint.pth,
FD001,FD004,DAST_RUL,151652,20260731-135258,5.50213314,0.001,128,DA,36.945118,11549.404,70,32,TRUE,./logs/FD001_FD004/DAST_RUL/final_s7,TRUE,logs\FD001_FD004\DAST_RUL\final_s42\best_checkpoint.pth,
FD001,FD004,CADA_RUL,115265,20260731-141940,10.24821387,0.001,256,DA,35.157425,17321.754,30,64,TRUE,./logs/FD001_FD004/CADA_RUL/final_s7,TRUE,logs\FD001_FD004\CADA_RUL\final_s42\best_checkpoint.pth,
FD001,FD004,TACDA_RUL,124505,20260731-153032,23.43593833,0.001,256,DA,24.853657,4485.739,30,64,TRUE,./logs/FD001_FD004/TACDA_RUL/final_s7,TRUE,logs\FD001_FD004\TACDA_RUL\final_s42\best_checkpoint.pth,
FD001,FD004,OCS_DANN,26405,20260731-153343,3.471535643,0.001,128,DA,27.431007,18363.531,50,32,TRUE,./logs/FD001_FD004/OCS_DANN/final_s7,TRUE,logs\FD001_FD004\OCS_DANN\final_s42\best_checkpoint.pth,
FD001,FD004,MDAN_RUL,65089,20260731-154449,17.21071801,0.001,128,DA,31.056992,7268.8584,50,32,TRUE,./logs/FD001_FD004/MDAN_RUL/final_s7,TRUE,logs\FD001_FD004\MDAN_RUL\final_s42\best_checkpoint.pth,
FD001,FD004,CCDG_RUL,353921,20260731-154830,3.168957082,0.001,128,DA,34.534348,28668.725,50,32,TRUE,./logs/FD001_FD004/CCDG_RUL/final_s7,TRUE,logs\FD001_FD004\CCDG_RUL\final_s42\best_checkpoint.pth,
FD001,FD004,LBGN_RUL,13716,20260731-155149,5.879719019,0.001,128,DA,21.68367,3126.457,50,32,TRUE,./logs/FD001_FD004/LBGN_RUL/final_s7,TRUE,logs\FD001_FD004\LBGN_RUL\final_s42\best_checkpoint.pth,
FD001,FD004,NDC_PDMN,12470,20260731-155511,5.1089082,0.001,128,DA,30.753443,23314.709,50,32,TRUE,./logs/FD001_FD004/NDC_PDMN/final_s7,TRUE,logs\FD001_FD004\NDC_PDMN\final_s42\best_checkpoint.pth,
FD001,FD004,DAGCN_RUL,1586447,20260731-192426,8.82818223,0.001,64,DA,27.207691,21674.719,50,32,TRUE,./logs/FD001_FD004/DAGCN_RUL/final_s41,TRUE,logs\FD001_FD004\DAGCN_RUL\final_s42\best_checkpoint.pth,
FD001,FD004,EviAdaptRUL,121480,20260731-193119,7.272674434,0.001,256,DA,40.64626,20618.637,30,32,TRUE,./logs/FD001_FD004/EviAdaptRUL/final_s41,TRUE,logs\FD001_FD004\EviAdaptRUL\final_s42\best_checkpoint.pth,
FD001,FD004,DAST_RUL,151652,20260731-193533,5.713536282,0.001,128,DA,36.18831,10732.318,70,32,TRUE,./logs/FD001_FD004/DAST_RUL/final_s41,TRUE,logs\FD001_FD004\DAST_RUL\final_s42\best_checkpoint.pth,
FD001,FD004,CADA_RUL,115265,20260731-195610,9.329377432,0.001,256,DA,31.189049,7381.286,30,64,TRUE,./logs/FD001_FD004/CADA_RUL/final_s41,TRUE,logs\FD001_FD004\CADA_RUL\final_s42\best_checkpoint.pth,
FD001,FD004,TACDA_RUL,124505,20260731-200332,12.72724051,0.001,256,DA,42.601807,30644.473,30,64,TRUE,./logs/FD001_FD004/TACDA_RUL/final_s41,TRUE,logs\FD001_FD004\TACDA_RUL\final_s42\best_checkpoint.pth,
FD001,FD004,OCS_DANN,26405,20260731-200651,2.977499517,0.001,128,DA,30.463741,19657.004,50,32,TRUE,./logs/FD001_FD004/OCS_DANN/final_s41,TRUE,logs\FD001_FD004\OCS_DANN\final_s42\best_checkpoint.pth,
FD001,FD004,MDAN_RUL,65089,20260731-203004,22.74930757,0.001,128,DA,32.716656,6728.611,50,32,TRUE,./logs/FD001_FD004/MDAN_RUL/final_s41,TRUE,logs\FD001_FD004\MDAN_RUL\final_s42\best_checkpoint.pth,
FD001,FD004,CCDG_RUL,353921,20260731-203214,3.220593558,0.001,128,DA,44.102932,552285.9,50,32,TRUE,./logs/FD001_FD004/CCDG_RUL/final_s41,TRUE,logs\FD001_FD004\CCDG_RUL\final_s42\best_checkpoint.pth,
FD001,FD004,LBGN_RUL,13716,20260731-203631,8.070535348,0.001,128,DA,20.998608,3884.0708,50,32,TRUE,./logs/FD001_FD004/LBGN_RUL/final_s41,TRUE,logs\FD001_FD004\LBGN_RUL\final_s42\best_checkpoint.pth,
FD001,FD004,NDC_PDMN,12470,20260731-204010,6.531496305,0.001,128,DA,29.68334,27185.543,50,32,TRUE,./logs/FD001_FD004/NDC_PDMN/final_s41,TRUE,logs\FD001_FD004\NDC_PDMN\final_s42\best_checkpoint.pth,
FD001,FD004,DAGCN_RUL,1586447,20260801-130831,8.741081335,0.001,64,DA,25.225552,7665.9175,50,32,TRUE,./logs/FD001_FD004/DAGCN_RUL/final_s64,TRUE,logs\FD001_FD004\DAGCN_RUL\final_s42\best_checkpoint.pth,
FD001,FD004,EviAdaptRUL,121480,20260801-131053,3.722151344,0.001,256,DA,40.712917,12680.713,30,32,TRUE,./logs/FD001_FD004/EviAdaptRUL/final_s64,TRUE,logs\FD001_FD004\EviAdaptRUL\final_s42\best_checkpoint.pth,
FD001,FD004,DAST_RUL,151652,20260801-131332,3.349999278,0.001,128,DA,37.052345,11477.662,70,32,TRUE,./logs/FD001_FD004/DAST_RUL/final_s64,TRUE,logs\FD001_FD004\DAST_RUL\final_s42\best_checkpoint.pth,
FD001,FD004,CADA_RUL,115265,20260801-132043,3.36206792,0.001,256,DA,35.82287,10487.886,30,64,TRUE,./logs/FD001_FD004/CADA_RUL/final_s64,TRUE,logs\FD001_FD004\CADA_RUL\final_s42\best_checkpoint.pth,
FD001,FD004,TACDA_RUL,124505,20260801-132333,4.071607697,0.001,256,DA,43.97433,39678.156,30,64,TRUE,./logs/FD001_FD004/TACDA_RUL/final_s64,TRUE,logs\FD001_FD004\TACDA_RUL\final_s42\best_checkpoint.pth,
FD001,FD004,OCS_DANN,26405,20260801-132539,2.31895883,0.001,128,DA,29.93374,23845.04,50,32,TRUE,./logs/FD001_FD004/OCS_DANN/final_s64,TRUE,logs\FD001_FD004\OCS_DANN\final_s42\best_checkpoint.pth,
FD001,FD004,MDAN_RUL,65089,20260801-132841,4.567511378,0.001,128,DA,32.54994,8799.674,50,32,TRUE,./logs/FD001_FD004/MDAN_RUL/final_s64,TRUE,logs\FD001_FD004\MDAN_RUL\final_s42\best_checkpoint.pth,
FD001,FD004,CCDG_RUL,353921,20260801-133025,2.336199241,0.001,128,DA,42.62834,15532.787,50,32,TRUE,./logs/FD001_FD004/CCDG_RUL/final_s64,TRUE,logs\FD001_FD004\CCDG_RUL\final_s42\best_checkpoint.pth,
FD001,FD004,LBGN_RUL,13716,20260801-133316,4.929029492,0.001,128,DA,21.24705,4213.4326,50,32,TRUE,./logs/FD001_FD004/LBGN_RUL/final_s64,TRUE,logs\FD001_FD004\LBGN_RUL\final_s42\best_checkpoint.pth,
FD001,FD004,NDC_PDMN,12470,20260801-133551,4.315721319,0.001,128,DA,28.776869,21295.164,50,32,TRUE,./logs/FD001_FD004/NDC_PDMN/final_s64,TRUE,logs\FD001_FD004\NDC_PDMN\final_s42\best_checkpoint.pth,
FD001,FD004,DAGCN_RUL,1586447,20260801-134018,8.565696304,0.001,64,DA,25.746412,23707.666,50,32,TRUE,./logs/FD001_FD004/DAGCN_RUL/final_s1234,TRUE,logs\FD001_FD004\DAGCN_RUL\final_s42\best_checkpoint.pth,
FD001,FD004,EviAdaptRUL,121480,20260801-134313,3.693706583,0.001,256,DA,39.810135,31228.578,30,32,TRUE,./logs/FD001_FD004/EviAdaptRUL/final_s1234,TRUE,logs\FD001_FD004\EviAdaptRUL\final_s42\best_checkpoint.pth,
FD001,FD004,DAST_RUL,151652,20260801-134525,3.278238075,0.001,128,DA,37.272125,11669.904,70,32,TRUE,./logs/FD001_FD004/DAST_RUL/final_s1234,TRUE,logs\FD001_FD004\DAST_RUL\final_s42\best_checkpoint.pth,
FD001,FD004,CADA_RUL,115265,20260801-134946,3.100532286,0.001,256,DA,35.224415,9508.629,30,64,TRUE,./logs/FD001_FD004/CADA_RUL/final_s1234,TRUE,logs\FD001_FD004\CADA_RUL\final_s42\best_checkpoint.pth,
FD001,FD004,TACDA_RUL,124505,20260801-135226,4.034888197,0.001,256,DA,41.264755,19297.057,30,64,TRUE,./logs/FD001_FD004/TACDA_RUL/final_s1234,TRUE,logs\FD001_FD004\TACDA_RUL\final_s42\best_checkpoint.pth,
FD001,FD004,OCS_DANN,26405,20260801-135449,2.278506713,0.001,128,DA,27.574966,7792.228,50,32,TRUE,./logs/FD001_FD004/OCS_DANN/final_s1234,TRUE,logs\FD001_FD004\OCS_DANN\final_s42\best_checkpoint.pth,
FD001,FD004,MDAN_RUL,65089,20260801-135740,4.556653429,0.001,128,DA,33.695683,10178.127,50,32,TRUE,./logs/FD001_FD004/MDAN_RUL/final_s1234,TRUE,logs\FD001_FD004\MDAN_RUL\final_s42\best_checkpoint.pth,
FD001,FD004,CCDG_RUL,353921,20260801-140005,2.312976763,0.001,128,DA,39.210636,21653.979,50,32,TRUE,./logs/FD001_FD004/CCDG_RUL/final_s1234,TRUE,logs\FD001_FD004\CCDG_RUL\final_s42\best_checkpoint.pth,
FD001,FD004,LBGN_RUL,13716,20260801-140255,4.937958589,0.001,128,DA,22.108654,5424.5415,50,32,TRUE,./logs/FD001_FD004/LBGN_RUL/final_s1234,TRUE,logs\FD001_FD004\LBGN_RUL\final_s42\best_checkpoint.pth,
FD001,FD004,NDC_PDMN,12470,20260801-140530,4.356422809,0.001,128,DA,29.21853,24499.049,50,32,TRUE,./logs/FD001_FD004/NDC_PDMN/final_s1234,TRUE,logs\FD001_FD004\NDC_PDMN\final_s42\best_checkpoint.pth,
FD001,FD004,DAGCN_RUL,1586447,20260801-201348,8.941551456,0.001,64,DA,28.184048,5989.0225,50,32,TRUE,./logs/FD001_FD004/DAGCN_RUL/final_s2026,TRUE,logs\FD001_FD004\DAGCN_RUL\final_s42\best_checkpoint.pth,
FD001,FD004,EviAdaptRUL,121480,20260801-201814,8.317210078,0.001,256,DA,41.64277,15914.826,30,32,TRUE,./logs/FD001_FD004/EviAdaptRUL/final_s2026,TRUE,logs\FD001_FD004\EviAdaptRUL\final_s42\best_checkpoint.pth,
FD001,FD004,DAST_RUL,151652,20260801-202256,5.786615074,0.001,128,DA,37.17833,11574.936,70,32,TRUE,./logs/FD001_FD004/DAST_RUL/final_s2026,TRUE,logs\FD001_FD004\DAST_RUL\final_s42\best_checkpoint.pth,
FD001,FD004,CADA_RUL,115265,20260801-203427,6.999734292,0.001,256,DA,34.203926,8836.992,30,64,TRUE,./logs/FD001_FD004/CADA_RUL/final_s2026,TRUE,logs\FD001_FD004\CADA_RUL\final_s42\best_checkpoint.pth,
FD001,FD004,TACDA_RUL,124505,20260801-204053,11.33593973,0.001,256,DA,43.533245,27478.543,30,64,TRUE,./logs/FD001_FD004/TACDA_RUL/final_s2026,TRUE,logs\FD001_FD004\TACDA_RUL\final_s42\best_checkpoint.pth,
FD001,FD004,OCS_DANN,26405,20260801-204251,2.809442573,0.001,128,DA,30.788618,28844.586,50,32,TRUE,./logs/FD001_FD004/OCS_DANN/final_s2026,TRUE,logs\FD001_FD004\OCS_DANN\final_s42\best_checkpoint.pth,
FD001,FD004,MDAN_RUL,65089,20260801-210136,20.38623355,0.001,128,DA,31.49171,7455.036,50,32,TRUE,./logs/FD001_FD004/MDAN_RUL/final_s2026,TRUE,logs\FD001_FD004\MDAN_RUL\final_s42\best_checkpoint.pth,
FD001,FD004,CCDG_RUL,353921,20260801-210510,3.929432187,0.001,128,DA,40.606693,14331.273,50,32,TRUE,./logs/FD001_FD004/CCDG_RUL/final_s2026,TRUE,logs\FD001_FD004\CCDG_RUL\final_s42\best_checkpoint.pth,
FD001,FD004,LBGN_RUL,13716,20260801-210841,6.279596503,0.001,128,DA,20.990343,2918.999,50,32,TRUE,./logs/FD001_FD004/LBGN_RUL/final_s2026,TRUE,logs\FD001_FD004\LBGN_RUL\final_s42\best_checkpoint.pth,
FD001,FD004,NDC_PDMN,12470,20260801-211224,6.721349276,0.001,128,DA,27.79549,12215.847,50,32,TRUE,./logs/FD001_FD004/NDC_PDMN/final_s2026,TRUE,logs\FD001_FD004\NDC_PDMN\final_s42\best_checkpoint.pth,
FD001,FD004,LBGN_RUL_v2,13566,20260813-085038,4.693471332391103,0.001,128,DA,45.380424,702042.5,50,32,True,./logs/FD001_FD004/LBGN_RUL_v2/final_s42,False,,LBGN_RUL_v2_FD001_FD004_seed42_final
FD001,FD004,LBGN_RUL_v2,13566,20260813-114332,4.414522850954974,0.001,128,DA,24.681612,5935.716,50,32,True,./logs/FD001_FD004/LBGN_RUL_v2/final_s0,False,,LBGN_RUL_v2_FD001_FD004_seed0_final
FD001,FD004,LBGN_RUL_v2,13566,20260813-115444,4.460129552417332,0.001,128,DA,45.771362,908162.0,50,32,True,./logs/FD001_FD004/LBGN_RUL_v2/final_s42,False,,LBGN_RUL_v2_FD001_FD004_seed42_final
FD001,FD004,DLGNet,10497,20260814-114833,1.7954476817448934,0.001,128,MSE,88.934715,1270079.6,50,32,True,./logs/FD001_FD004/DLGNet/final_s42,False,,DLGNet_FD001_FD004_seed42_final
FD001,FD004,AIDGN,30070,20260814-115056,1.3558942575023007,0.001,128,MSE,54.75978,1074940.5,50,64,True,./logs/FD001_FD004/AIDGN/final_s42,False,,AIDGN_FD001_FD004_seed42_final
FD001,FD004,DLGNet,10497,20260814-154934,1.7915768768476403,0.001,128,MSE,88.934715,1270079.6,50,32,True,./logs/FD001_FD004/DLGNet/final_s0,True,logs\FD001_FD004\DLGNet\final_s42\best_checkpoint.pth,DLGNet_FD001_FD004_seed42_final
FD001,FD004,LBGN_RUL_v2,13566,20260814-155329,5.13785538104696,0.001,128,DA,38.61814,240714.81,50,32,True,./logs/FD001_FD004/LBGN_RUL_v2/final_s0,True,logs\FD001_FD004\LBGN_RUL_v2\final_s42\best_checkpoint.pth,LBGN_RUL_v2_FD001_FD004_seed42_final
FD001,FD004,AIDGN,30070,20260814-155525,1.3123966229928505,0.001,128,MSE,55.46176,1202519.9,50,64,True,./logs/FD001_FD004/AIDGN/final_s0,True,logs\FD001_FD004\AIDGN\final_s42\best_checkpoint.pth,AIDGN_FD001_FD004_seed42_final
FD001,FD004,AIDGN,30070,20260814-155726,1.324916412303974,0.001,128,MSE,54.874943,1095069.5,50,64,True,./logs/FD001_FD004/AIDGN/final_s1,True,logs\FD001_FD004\AIDGN\final_s42\best_checkpoint.pth,AIDGN_FD001_FD004_seed42_final
FD001,FD004,LBGN_RUL_v2,13566,20260814-160343,5.130670879681905,0.001,128,DA,37.034504,190272.94,50,32,True,./logs/FD001_FD004/LBGN_RUL_v2/final_s1,True,logs\FD001_FD004\LBGN_RUL_v2\final_s42\best_checkpoint.pth,LBGN_RUL_v2_FD001_FD004_seed42_final
FD001,FD004,LBGN_RUL_v2,13566,20260814-160648,5.315153106566398,0.001,128,DA,36.466885,161471.6,50,32,True,./logs/FD001_FD004/LBGN_RUL_v2/final_s7,True,logs\FD001_FD004\LBGN_RUL_v2\final_s42\best_checkpoint.pth,LBGN_RUL_v2_FD001_FD004_seed42_final
FD001,FD004,DLGNet,10497,20260814-160732,1.7467666682550462,0.001,128,MSE,88.934715,1270079.6,50,32,True,./logs/FD001_FD004/DLGNet/final_s1,True,logs\FD001_FD004\DLGNet\final_s42\best_checkpoint.pth,DLGNet_FD001_FD004_seed42_final
FD001,FD004,AIDGN,30070,20260814-160857,1.355879654119044,0.001,128,MSE,55.500114,1209834.2,50,64,True,./logs/FD001_FD004/AIDGN/final_s7,True,logs\FD001_FD004\AIDGN\final_s42\best_checkpoint.pth,AIDGN_FD001_FD004_seed42_final
FD001,FD004,DLGNet,10497,20260814-161125,1.7287172137713822,0.001,128,MSE,88.934715,1270079.6,50,32,True,./logs/FD001_FD004/DLGNet/final_s7,True,logs\FD001_FD004\DLGNet\final_s42\best_checkpoint.pth,DLGNet_FD001_FD004_seed42_final
FD001,FD004,DLGNet,10497,20260814-161357,1.7441736365619458,0.001,128,MSE,88.934715,1270079.6,50,32,True,./logs/FD001_FD004/DLGNet/final_s41,True,logs\FD001_FD004\DLGNet\final_s42\best_checkpoint.pth,DLGNet_FD001_FD004_seed42_final
FD001,FD004,LBGN_RUL_v2,13566,20260814-161946,5.171663820743561,0.001,128,DA,38.644733,246004.84,50,32,True,./logs/FD001_FD004/LBGN_RUL_v2/final_s41,True,logs\FD001_FD004\LBGN_RUL_v2\final_s42\best_checkpoint.pth,LBGN_RUL_v2_FD001_FD004_seed42_final
FD001,FD004,AIDGN,30070,20260814-162159,1.3190510217533555,0.001,128,MSE,55.24791,1162398.9,50,64,True,./logs/FD001_FD004/AIDGN/final_s41,True,logs\FD001_FD004\AIDGN\final_s42\best_checkpoint.pth,AIDGN_FD001_FD004_seed42_final
FD001,FD004,LBGN_RUL_v2,13566,20260819-093910,4.418433154330534,0.001,128,DA,39.111088,276135.06,50,32,True,./logs/FD001_FD004/LBGN_RUL_v2/final_s64,True,logs\FD001_FD004\LBGN_RUL_v2\final_s42\best_checkpoint.pth,LBGN_RUL_v2_FD001_FD004_seed42_final
FD001,FD004,DLGNet,10497,20260819-094115,1.747847972377654,0.001,128,MSE,88.934715,1270079.6,50,32,True,./logs/FD001_FD004/DLGNet/final_s64,True,logs\FD001_FD004\DLGNet\final_s42\best_checkpoint.pth,DLGNet_FD001_FD004_seed42_final
FD001,FD004,LBGN_RUL_v2,13566,20260819-095315,4.40343025246182,0.001,128,DA,37.24687,178861.14,50,32,True,./logs/FD001_FD004/LBGN_RUL_v2/final_s1234,True,logs\FD001_FD004\LBGN_RUL_v2\final_s42\best_checkpoint.pth,LBGN_RUL_v2_FD001_FD004_seed42_final
FD001,FD004,DLGNet,10497,20260819-095639,1.7212639252344768,0.001,128,MSE,88.934715,1270079.6,50,32,True,./logs/FD001_FD004/DLGNet/final_s1234,True,logs\FD001_FD004\DLGNet\final_s42\best_checkpoint.pth,DLGNet_FD001_FD004_seed42_final
FD001,FD004,LBGN_RUL_v2,13566,20260819-100847,4.392805784543356,0.001,128,DA,38.33423,230694.12,50,32,True,./logs/FD001_FD004/LBGN_RUL_v2/final_s2026,True,logs\FD001_FD004\LBGN_RUL_v2\final_s42\best_checkpoint.pth,LBGN_RUL_v2_FD001_FD004_seed42_final
FD001,FD004,DLGNet,10497,20260819-101131,1.7385625755085665,0.001,128,MSE,88.934715,1270079.6,50,32,True,./logs/FD001_FD004/DLGNet/final_s2026,True,logs\FD001_FD004\DLGNet\final_s42\best_checkpoint.pth,DLGNet_FD001_FD004_seed42_final
FD001,FD004,AIDGN,30070,20260820-203620,1.5744272150019163,0.001,128,MSE,55.228886,1158883.8,50,64,True,./logs/FD001_FD004/AIDGN/final_s64,True,logs\FD001_FD004\AIDGN\final_s42\best_checkpoint.pth,AIDGN_FD001_FD004_seed42_final
FD001,FD004,AIDGN,30070,20260820-203852,1.5874589415157543,0.001,128,MSE,56.078598,1324743.8,50,64,True,./logs/FD001_FD004/AIDGN/final_s1234,True,logs\FD001_FD004\AIDGN\final_s42\best_checkpoint.pth,AIDGN_FD001_FD004_seed42_final
FD001,FD004,AIDGN,30070,20260820-204107,1.588505916595459,0.001,128,MSE,56.151886,1339931.2,50,64,True,./logs/FD001_FD004/AIDGN/final_s2026,True,logs\FD001_FD004\AIDGN\final_s42\best_checkpoint.pth,AIDGN_FD001_FD004_seed42_final
FD001,FD004,DAT_RUL,16000,20260903-164635,7.152847994168599,0.001,128,MSE,88.934715,1270079.6,30,32,True,./logs/FD001_FD004/DAT_RUL/exp0,False,,CMAPSS cross domain test
FD001,FD004,DLGNet,10497,20260904-152725,1.6710002358754477,0.001,128,MSE,88.934715,1270079.6,50,32,True,./logs/FD001_FD004/DLGNet/final_s0,False,,DLGNet_FD001_FD004_seed0_final
FD001,FD004,DLGNet,10497,20260904-153155,1.6632288694381714,0.001,128,MSE,88.934715,1270079.6,50,32,True,./logs/FD001_FD004/DLGNet/final_s1,False,,DLGNet_FD001_FD004_seed1_final
FD001,FD004,DLGNet,10497,20260904-153626,1.6723658386866251,0.001,128,MSE,88.934715,1270079.6,50,32,True,./logs/FD001_FD004/DLGNet/final_s7,False,,DLGNet_FD001_FD004_seed7_final
FD001,FD004,DLGNet,10497,20260904-154017,1.6768142249849107,0.001,128,MSE,88.934715,1270079.6,50,32,True,./logs/FD001_FD004/DLGNet/final_s41,False,,DLGNet_FD001_FD004_seed41_final
FD001,FD004,DLGNet,10497,20260904-154450,1.6836930561065673,0.001,128,MSE,88.934715,1270079.6,50,32,True,./logs/FD001_FD004/DLGNet/final_s42,False,,DLGNet_FD001_FD004_seed42_final
FD001,FD004,DLGNet,10497,20260904-154922,1.679445080757141,0.001,128,MSE,88.934715,1270079.6,50,32,True,./logs/FD001_FD004/DLGNet/final_s64,False,,DLGNet_FD001_FD004_seed64_final
FD001,FD004,DLGNet,10497,20260904-155356,1.686960695584615,0.001,128,MSE,88.934715,1270079.6,50,32,True,./logs/FD001_FD004/DLGNet/final_s1234,False,,DLGNet_FD001_FD004_seed1234_final
FD001,FD004,DLGNet,10497,20260904-155826,1.6673964659372966,0.001,128,MSE,88.934715,1270079.6,50,32,True,./logs/FD001_FD004/DLGNet/final_s2026,False,,DLGNet_FD001_FD004_seed2026_final
