pair,descriptor,cross_domain_cos,n_bins_used
001-002,time,0.5859926104545593,5
001-002,band_mix,0.06812785193324089,5
001-002,band_0,0.3850314229726791,5
001-002,band_1,0.07438218332827091,5
001-002,band_2,0.07375163212418556,5
001-002,band_3,0.007029472663998604,5
001-003,time,0.3461782172322273,5
001-003,band_mix,0.17397059733048081,5
001-003,band_0,0.5806766986846924,5
001-003,band_1,0.20818493962287904,5
001-003,band_2,0.058190351258963345,5
001-003,band_3,0.02512446418404579,5
001-004,time,0.3665102630853653,5
001-004,band_mix,0.11447993069887161,5
001-004,band_0,0.21625014543533325,5
001-004,band_1,0.14420777820050718,5
001-004,band_2,0.11240998469293118,5
001-004,band_3,0.0058855913579463955,5
002-003,time,0.4179397404193878,5
002-003,band_mix,0.15762269496917725,5
002-003,band_0,-0.1004815712571144,5
002-003,band_1,0.1684090130031109,5
002-003,band_2,0.05571201480925083,5
002-003,band_3,0.14711569398641586,5
002-004,time,0.5782379627227783,5
002-004,band_mix,0.8059563040733337,5
002-004,band_0,0.8858852863311768,5
002-004,band_1,0.787446403503418,5
002-004,band_2,0.793014645576477,5
002-004,band_3,0.7951763987541198,5
003-004,time,0.4921365201473236,5
003-004,band_mix,0.49889386892318727,5
003-004,band_0,-0.06630243360996246,5
003-004,band_1,0.503230619430542,5
003-004,band_2,0.3353118062019348,5
003-004,band_3,0.37641243934631347,5
