lifecycle_position,input FiLM (pre-propagation),hop-1 FiLM (reach 1),hop-2 FiLM (reach 2)
0.0200,1.001884,0.776160,0.931388
0.0400,1.001869,0.775989,0.931234
0.0600,1.001843,0.775692,0.930974
0.0800,1.001805,0.775274,0.930607
0.1000,1.001752,0.774710,0.930103
0.1200,1.001686,0.774024,0.929482
0.1400,1.001606,0.773187,0.928727
0.1600,1.001513,0.772195,0.927833
0.1800,1.001409,0.771049,0.926811
0.2000,1.001290,0.769750,0.925657
0.2200,1.001158,0.768304,0.924372
0.2400,1.001009,0.766681,0.922929
0.2600,1.000842,0.764909,0.921354
0.2800,1.000672,0.763108,0.919753
0.3000,1.000502,0.761308,0.918151
0.3200,1.000331,0.759507,0.916550
0.3400,1.000161,0.757707,0.914948
0.3600,0.999991,0.755906,0.913347
0.3800,0.999821,0.754106,0.911745
0.4000,0.999651,0.752305,0.910144
0.4200,0.999481,0.750505,0.908542
0.4400,0.999311,0.748704,0.906941
0.4600,0.999141,0.746904,0.905339
0.4800,0.998971,0.745103,0.903738
0.5000,0.998801,0.743303,0.902136
0.5200,0.998631,0.741502,0.900535
0.5400,0.998460,0.739702,0.898933
0.5600,0.998290,0.737901,0.897332
0.5800,0.998120,0.736101,0.895730
0.6000,0.997950,0.734300,0.894129
0.6200,0.997780,0.732500,0.892527
0.6400,0.997610,0.730699,0.890926
0.6600,0.997440,0.728899,0.889324
0.6800,0.997270,0.727098,0.887723
0.7000,0.997100,0.725298,0.886121
0.7200,0.996930,0.723497,0.884520
0.7400,0.996760,0.721697,0.882919
0.7600,0.996590,0.719896,0.881317
0.7800,0.996419,0.718096,0.879716
0.8000,0.996249,0.716295,0.878114
0.8200,0.996079,0.714495,0.876513
0.8400,0.995909,0.712694,0.874911
0.8600,0.995739,0.710894,0.873310
0.8800,0.995569,0.709093,0.871708
0.9000,0.995399,0.707293,0.870107
0.9200,0.995229,0.705492,0.868505
0.9400,0.995059,0.703692,0.866904
0.9600,0.994889,0.701891,0.865302
0.9800,0.994719,0.700091,0.863701
1.0000,0.994548,0.698290,0.862099
