model,pair,seed,params,thop_layer_macs,einsum_matmul_macs,fft_macs_estimated,total_macs_excl_fft,total_macs_incl_fft
LBGN_RUL,FD001_FD002,42,13716,171986,30968,59260.49,202954,262214
DAGCN_RUL,FD001_FD002,42,1586447,2153072,4378,0.0,2157450,2157450
EviAdaptRUL,FD001_FD002,42,121480,3464704,0,0.0,3464704,3464704
DAST_RUL,FD001_FD002,42,151652,4656960,0,0.0,4656960,4656960
CADA_RUL,FD001_FD002,42,115265,3458576,0,0.0,3458576,3458576
TACDA_RUL,FD001_FD002,42,124505,3752576,0,0.0,3752576,3752576
OCS_DANN,FD001_FD002,42,26405,1163760,0,0.0,1163760,1163760
MDAN_RUL,FD001_FD002,42,65089,3202576,0,0.0,3202576,3202576
CCDG_RUL,FD001_FD002,42,353921,2220560,0,0.0,2220560,2220560
LBGN_RUL,FD002_FD001,42,10812,137058,30968,59260.49,168026,227286
