model,params_mean,params_min,params_max,mean_ms,std_ms,n_checkpoints
CADA_RUL,115265,115265,115265,11.294225833333334,3.408462357806625,12
CCDG_RUL,353921,353921,353921,1.9446264166666667,0.9536639070042594,12
DAGCN_RUL,1586447,1586447,1586447,9.605801083333333,3.777258193925961,12
DAST_RUL,151652,151652,151652,6.3233793333333335,2.6753367812140225,12
EviAdaptRUL,121480,121480,121480,11.3470385,3.6733202911629372,12
LBGN_RUL,11538,10812,13716,7.996931583333334,3.8836967681561165,12
MDAN_RUL,65089,65089,65089,15.804545,7.618356415550535,12
NDC_PDMN,12470,12470,12470,7.421233333333333,3.345324084457543,12
OCS_DANN,26405,26405,26405,1.43347675,0.6649004393936291,12
TACDA_RUL,124505,124505,124505,22.173637083333332,6.889412683628759,12
