pair,model,seed,params,mean_ms,std_ms,n_batches,n_samples,num_runs
FD001_FD002,CADA_RUL,42,115265,17.557859,3.057984,2,259,20
FD001_FD002,CCDG_RUL,42,353921,3.458285,0.491529,3,259,20
FD001_FD002,DAGCN_RUL,42,1586447,14.296424,0.50918,5,259,20
FD001_FD002,DAST_RUL,42,151652,9.434998,0.749163,3,259,20
FD001_FD002,EviAdaptRUL,42,121480,17.290258,1.237444,2,259,20
FD001_FD002,LBGN_RUL,42,13716,13.550293,0.438427,3,259,20
FD001_FD002,MDAN_RUL,42,65089,28.465414,1.655383,3,259,20
FD001_FD002,NDC_PDMN,42,12470,13.23719,2.309898,3,259,20
FD001_FD002,OCS_DANN,42,26405,2.430558,0.480034,3,259,20
FD001_FD002,TACDA_RUL,42,124505,33.474147,0.727328,2,259,20
FD001_FD003,CADA_RUL,42,115265,9.537983,0.548564,1,100,20
FD001_FD003,CCDG_RUL,42,353921,1.201928,0.404287,1,100,20
FD001_FD003,DAGCN_RUL,42,1586447,7.257009,1.389603,2,100,20
FD001_FD003,DAST_RUL,42,151652,3.725696,0.431878,1,100,20
FD001_FD003,EviAdaptRUL,42,121480,8.87233,0.573824,1,100,20
FD001_FD003,LBGN_RUL,42,13716,5.126095,0.381953,1,100,20
FD001_FD003,MDAN_RUL,42,65089,11.223102,1.613548,1,100,20
FD001_FD003,NDC_PDMN,42,12470,6.322801,1.458508,1,100,20
FD001_FD003,OCS_DANN,42,26405,1.000214,0.001137,1,100,20
FD001_FD003,TACDA_RUL,42,124505,18.986619,2.553892,1,100,20
FD001_FD004,CADA_RUL,42,115265,11.104357,0.783302,1,248,20
FD001_FD004,CCDG_RUL,42,353921,2.299953,0.453459,2,248,20
FD001_FD004,DAGCN_RUL,42,1586447,12.088168,0.855835,4,248,20
FD001_FD004,DAST_RUL,42,151652,8.467031,0.832108,2,248,20
FD001_FD004,EviAdaptRUL,42,121480,9.440231,0.598691,1,248,20
FD001_FD004,LBGN_RUL,42,13716,9.384906,0.484075,2,248,20
FD001_FD004,MDAN_RUL,42,65089,18.457353,2.271139,2,248,20
FD001_FD004,NDC_PDMN,42,12470,8.202863,0.42066,2,248,20
FD001_FD004,OCS_DANN,42,26405,1.625669,0.471804,2,248,20
FD001_FD004,TACDA_RUL,42,124505,18.144524,0.507613,1,248,20
FD002_FD001,CADA_RUL,42,115265,10.074866,2.039216,1,100,20
FD002_FD001,CCDG_RUL,42,353921,1.100099,0.300199,1,100,20
FD002_FD001,DAGCN_RUL,42,1586447,5.699062,0.484206,2,100,20
FD002_FD001,DAST_RUL,42,151652,3.775704,0.402242,1,100,20
FD002_FD001,EviAdaptRUL,42,121480,9.11144,0.505505,1,100,20
FD002_FD001,LBGN_RUL,42,10812,4.380739,0.514748,1,100,20
FD002_FD001,MDAN_RUL,42,65089,9.0011,1.013136,1,100,20
FD002_FD001,NDC_PDMN,42,12470,4.33718,0.584424,1,100,20
FD002_FD001,OCS_DANN,42,26405,0.82531,0.426859,1,100,20
FD002_FD001,TACDA_RUL,42,124505,18.454289,2.73242,1,100,20
FD002_FD003,CADA_RUL,42,115265,8.85644,0.477994,1,100,20
FD002_FD003,CCDG_RUL,42,353921,1.143157,0.395498,1,100,20
FD002_FD003,DAGCN_RUL,42,1586447,6.170595,0.578283,2,100,20
FD002_FD003,DAST_RUL,42,151652,3.788435,0.465253,1,100,20
FD002_FD003,EviAdaptRUL,42,121480,9.307122,0.79087,1,100,20
FD002_FD003,LBGN_RUL,42,10812,4.480648,0.536383,1,100,20
FD002_FD003,MDAN_RUL,42,65089,8.773696,0.506144,1,100,20
FD002_FD003,NDC_PDMN,42,12470,4.026151,0.334871,1,100,20
FD002_FD003,OCS_DANN,42,26405,0.851905,0.452379,1,100,20
FD002_FD003,TACDA_RUL,42,124505,17.810988,0.463152,1,100,20
FD002_FD004,CADA_RUL,42,115265,9.077787,0.326068,1,248,20
FD002_FD004,CCDG_RUL,42,353921,2.099037,0.3004,2,248,20
FD002_FD004,DAGCN_RUL,42,1586447,12.22564,1.394943,4,248,20
FD002_FD004,DAST_RUL,42,151652,8.909428,0.510566,2,248,20
FD002_FD004,EviAdaptRUL,42,121480,9.180737,0.367655,1,248,20
FD002_FD004,LBGN_RUL,42,10812,9.043121,0.247842,2,248,20
FD002_FD004,MDAN_RUL,42,65089,17.44101,0.525053,2,248,20
FD002_FD004,NDC_PDMN,42,12470,8.076525,0.229713,2,248,20
FD002_FD004,OCS_DANN,42,26405,1.651728,0.478991,2,248,20
FD002_FD004,TACDA_RUL,42,124505,18.218625,1.841005,1,248,20
FD003_FD001,CADA_RUL,42,115265,8.855355,0.315981,1,100,20
FD003_FD001,CCDG_RUL,42,353921,1.049984,0.21781,1,100,20
FD003_FD001,DAGCN_RUL,42,1586447,5.728185,0.493148,2,100,20
FD003_FD001,DAST_RUL,42,151652,3.700018,0.461841,1,100,20
FD003_FD001,EviAdaptRUL,42,121480,9.2206,0.457923,1,100,20
FD003_FD001,LBGN_RUL,42,10812,4.406893,0.485569,1,100,20
FD003_FD001,MDAN_RUL,42,65089,8.715832,0.390047,1,100,20
FD003_FD001,NDC_PDMN,42,12470,3.926015,0.328397,1,100,20
FD003_FD001,OCS_DANN,42,26405,0.801575,0.400844,1,100,20
FD003_FD001,TACDA_RUL,42,124505,17.613101,0.496954,1,100,20
FD003_FD002,CADA_RUL,42,115265,16.452181,0.486597,2,259,20
FD003_FD002,CCDG_RUL,42,353921,3.2776,0.431071,3,259,20
FD003_FD002,DAGCN_RUL,42,1586447,14.034712,0.325833,5,259,20
FD003_FD002,DAST_RUL,42,151652,9.527242,0.695051,3,259,20
FD003_FD002,EviAdaptRUL,42,121480,17.368531,1.735752,2,259,20
FD003_FD002,LBGN_RUL,42,10812,13.354611,0.506142,3,259,20
FD003_FD002,MDAN_RUL,42,65089,25.98269,2.491321,3,259,20
FD003_FD002,NDC_PDMN,42,12470,11.736262,0.593024,3,259,20
FD003_FD002,OCS_DANN,42,26405,2.335894,0.451873,3,259,20
FD003_FD002,TACDA_RUL,42,124505,32.888484,1.140572,2,259,20
FD003_FD004,CADA_RUL,42,115265,8.918679,0.29212,1,248,20
FD003_FD004,CCDG_RUL,42,353921,2.178717,0.421405,2,248,20
FD003_FD004,DAGCN_RUL,42,1586447,11.470556,0.520263,4,248,20
FD003_FD004,DAST_RUL,42,151652,8.078122,0.657351,2,248,20
FD003_FD004,EviAdaptRUL,42,121480,9.644771,2.283991,1,248,20
FD003_FD004,LBGN_RUL,42,10812,9.789014,2.241797,2,248,20
FD003_FD004,MDAN_RUL,42,65089,18.584144,1.138082,2,248,20
FD003_FD004,NDC_PDMN,42,12470,8.154178,0.72887,2,248,20
FD003_FD004,OCS_DANN,42,26405,1.650858,0.51888,2,248,20
FD003_FD004,TACDA_RUL,42,124505,19.009697,1.206916,1,248,20
FD004_FD001,CADA_RUL,42,115265,9.706438,0.738902,1,100,20
FD004_FD001,CCDG_RUL,42,353921,1.225662,0.402591,1,100,20
FD004_FD001,DAGCN_RUL,42,1586447,5.981374,0.336802,2,100,20
FD004_FD001,DAST_RUL,42,151652,3.857005,0.476591,1,100,20
FD004_FD001,EviAdaptRUL,42,121480,9.695494,1.608158,1,100,20
FD004_FD001,LBGN_RUL,42,10812,4.477048,0.486277,1,100,20
FD004_FD001,MDAN_RUL,42,65089,8.953643,0.864441,1,100,20
FD004_FD001,NDC_PDMN,42,12470,4.901457,1.580407,1,100,20
FD004_FD001,OCS_DANN,42,26405,0.801778,0.400963,1,100,20
FD004_FD001,TACDA_RUL,42,124505,17.690778,0.453869,1,100,20
FD004_FD002,CADA_RUL,42,115265,16.466665,0.499497,2,259,20
FD004_FD002,CCDG_RUL,42,353921,3.251016,0.432138,3,259,20
FD004_FD002,DAGCN_RUL,42,1586447,14.486754,0.4819,5,259,20
FD004_FD002,DAST_RUL,42,151652,8.736682,0.640941,3,259,20
FD004_FD002,EviAdaptRUL,42,121480,17.619753,2.195311,2,259,20
FD004_FD002,LBGN_RUL,42,10812,13.413453,0.460793,3,259,20
FD004_FD002,MDAN_RUL,42,65089,25.401151,0.438446,3,259,20
FD004_FD002,NDC_PDMN,42,12470,11.77088,0.69544,3,259,20
FD004_FD002,OCS_DANN,42,26405,2.375996,0.471533,3,259,20
FD004_FD002,TACDA_RUL,42,124505,34.284878,3.191172,2,259,20
FD004_FD003,CADA_RUL,42,115265,8.9221,0.246155,1,100,20
FD004_FD003,CCDG_RUL,42,353921,1.050079,0.218496,1,100,20
FD004_FD003,DAGCN_RUL,42,1586447,5.831134,0.577763,2,100,20
FD004_FD003,DAST_RUL,42,151652,3.880191,0.303779,1,100,20
FD004_FD003,EviAdaptRUL,42,121480,9.413195,1.741646,1,100,20
FD004_FD003,LBGN_RUL,42,10812,4.556358,0.50496,1,100,20
FD004_FD003,MDAN_RUL,42,65089,8.655405,0.471045,1,100,20
FD004_FD003,NDC_PDMN,42,12470,4.363298,0.470383,1,100,20
FD004_FD003,OCS_DANN,42,26405,0.850236,0.357172,1,100,20
FD004_FD003,TACDA_RUL,42,124505,19.507515,1.126125,1,100,20
